L,n,nu_hn
6,0,1
6,1,0.2434923456
6,2,0.09080103882
6,3,0.03662630996
6,4,0.02412318209
6,5,0.02349393406
7,0,1
7,1,0.2434923456
7,2,0.08611195411
7,3,0.03300801477
7,4,0.01572102563
7,5,0.0118316126
8,0,1
8,1,0.2434923456
8,2,0.08263759553
8,3,0.03057749382
8,4,0.01413407788
8,5,0.008774126237
9,0,1
9,1,0.2434923456
9,2,0.07996007179
9,3,0.02873900218
9,4,0.01235796249
9,5,0.006050311928
10,0,1
10,1,0.2434923456
10,2,0.0778334563
10,3,0.0272917945
10,4,0.01116925828
10,5,0.005317683211
11,0,1
11,1,0.2434923456
11,2,0.07610358269
11,3,0.02611915132
11,4,0.01027652779
11,5,0.004603946714
12,0,1
12,1,0.2434923456
12,2,0.07466889932
12,3,0.02514770872
12,4,0.009579028935
12,5,0.004105359309
13,0,1
13,1,0.2434923456
13,2,0.07345978804
13,3,0.02432865988
13,4,0.009017707288
13,5,0.003725902941
14,0,1
14,1,0.2434923456
14,2,0.07242692693
14,3,0.02362809628
14,4,0.008555429632
14,5,0.003427035063
