L,o,nu_tauinf
6,1,0.251635153
6,2,0.108781992
6,3,0.06628995634
6,4,0.06627598151
6,5,0.06392145222
7,1,0.249555341
7,2,0.1005429737
7,3,0.05316352133
7,4,0.05266730805
7,5,0.05192950077
8,1,0.2488083979
8,2,0.09438136025
8,3,0.04951220831
8,4,0.04853309834
8,5,0.04814125166
9,1,0.2469432213
9,2,0.08895179884
9,3,0.041787082
9,4,0.04115477198
9,5,0.04081124774
10,1,0.2459429946
10,2,0.0845101589
10,3,0.0351349361
10,4,0.0345697991
10,5,0.03432465753
11,1,0.2452608868
11,2,0.08129580417
11,3,0.0310665792
11,4,0.03095246116
11,5,0.03072127722
12,1,0.2447792308
12,2,0.07828894756
12,3,0.02763536452
12,4,0.02507580028
12,5,0.02493994443
13,1,0.2443417988
13,2,0.07591520654
13,3,0.02614575587
13,4,0.01990152678
13,5,0.01979943086
14,1,0.2441146437
14,2,0.0742922277
14,3,0.02507975882
14,4,0.01615639177
14,5,0.01608069753
