L,chi,step,eps_target,eps,nu,theta_sq_ema,run,job,source,saved,frozen_tail,plotted,wall_s,note
12,128,1,0.23026083149811935,0.22932248325392313,0.30420461761967194,0.2667509133751579,sinmc_repgpu128_a0,13325137_0,hk_scan_cmp/L12_lobpcg_sinmc_repgpu128_a0/done_step01.h5,1,0,1,461.1,"anneal=0 (quench) ladder, MAX_STEPS=10; the single run used for the whole L=12 chi=128 curve; launcher ed_gpu128_anneal.slurm task 0 (MIG)"
12,128,2,0.1329411530492663,0.13245753547856648,0.29502503205940395,0.4287275510110534,sinmc_repgpu128_a0,13325137_0,hk_scan_cmp/L12_lobpcg_sinmc_repgpu128_a0/done_step02.h5,1,0,1,979.0,"anneal=0 (quench) ladder, MAX_STEPS=10; the single run used for the whole L=12 chi=128 curve; launcher ed_gpu128_anneal.slurm task 0 (MIG)"
12,128,3,0.07675361049937314,0.07694767985123514,0.28690358301972174,0.6705439868890739,sinmc_repgpu128_a0,13325137_0,hk_scan_cmp/L12_lobpcg_sinmc_repgpu128_a0/done_step03.h5,1,0,1,2105.5,"anneal=0 (quench) ladder, MAX_STEPS=10; the single run used for the whole L=12 chi=128 curve; launcher ed_gpu128_anneal.slurm task 0 (MIG)"
12,128,4,0.044313717683088776,0.04417799866261221,0.2795638983502262,1.0544522770489198,sinmc_repgpu128_a0,13325137_0,hk_scan_cmp/L12_lobpcg_sinmc_repgpu128_a0/done_step04.h5,1,0,1,2420.5,"anneal=0 (quench) ladder, MAX_STEPS=10; the single run used for the whole L=12 chi=128 curve; launcher ed_gpu128_anneal.slurm task 0 (MIG)"
12,128,5,0.02558453683312439,0.025533429860033874,0.2731053307583397,1.6778276305762934,sinmc_repgpu128_a0,13325137_0,hk_scan_cmp/L12_lobpcg_sinmc_repgpu128_a0/done_step05.h5,1,0,1,2920.3,"anneal=0 (quench) ladder, MAX_STEPS=10; the single run used for the whole L=12 chi=128 curve; launcher ed_gpu128_anneal.slurm task 0 (MIG)"
12,128,6,0.014771239227696263,0.01477860277016156,0.267169016939779,2.80630839544843,sinmc_repgpu128_a0,13325137_0,hk_scan_cmp/L12_lobpcg_sinmc_repgpu128_a0/done_step06.h5,1,0,1,2744.0,"anneal=0 (quench) ladder, MAX_STEPS=10; the single run used for the whole L=12 chi=128 curve; launcher ed_gpu128_anneal.slurm task 0 (MIG)"
12,128,7,0.008528178944374798,0.008519138249472268,0.2611974152129694,5.3537617231795975,sinmc_repgpu128_a0,13325137_0,hk_scan_cmp/L12_lobpcg_sinmc_repgpu128_a0/done_step07.h5,1,0,1,3364.4,"anneal=0 (quench) ladder, MAX_STEPS=10; the single run used for the whole L=12 chi=128 curve; launcher ed_gpu128_anneal.slurm task 0 (MIG)"
12,128,8,0.004923746409232089,0.004921776809787663,0.25375912374949317,16.272816905108122,sinmc_repgpu128_a0,13325137_0,hk_scan_cmp/L12_lobpcg_sinmc_repgpu128_a0/done_step08.h5,1,0,1,3801.9,"anneal=0 (quench) ladder, MAX_STEPS=10; the single run used for the whole L=12 chi=128 curve; launcher ed_gpu128_anneal.slurm task 0 (MIG)"
12,128,9,0.0028427263147916,0.002915057955152114,0.23165100663947805,2120570702.173661,sinmc_repgpu128_a0,13325137_0,hk_scan_cmp/L12_lobpcg_sinmc_repgpu128_a0/done_step09.h5,1,0,1,3746.0,"anneal=0 (quench) ladder, MAX_STEPS=10; the single run used for the whole L=12 chi=128 curve; launcher ed_gpu128_anneal.slurm task 0 (MIG)"
12,128,10,0.0016412488030773634,0.0028753951646461827,0.23153606058885123,58742226277495.055,sinmc_repgpu128_a0,13325137_0,hk_scan_cmp/L12_lobpcg_sinmc_repgpu128_a0/done_step10.h5,1,0,1,164.0,"anneal=0 (quench) ladder, MAX_STEPS=10; the single run used for the whole L=12 chi=128 curve; launcher ed_gpu128_anneal.slurm task 0 (MIG)"
12,256,8,0.00492375,0.00492305,0.25503,,chi_refine_step8_chi256,13306156,slurmlogs/2026-09-01/slurm-13306156.out (REFINE line),0,0,1,5559.0,"chi refinement at the step-8 target, 4 sweeps, no anneal, from repchi128 step 8; run completed but save_mps=false, value from the log (6 significant digits); launcher ed_chi_refine_mig.slurm (MIG)"
12,256,9,0.0028427263147916045,0.0028560156534799836,0.24311007455102077,,step9_anneal1_chi256,13312300_1,hk_scan_cmp/L12_step9_anneal/step9_anneal1_chi256.h5,1,0,1,15994.0,"one step eps8->eps9 at chi=256, 6 sweeps, anneal=1, from repchi128 step 8; launcher ed_step9_anneal_mig.slurm task 1 (MIG)"
12,512,8,0.00492375,0.00492614,0.255496,,chi_refine_step8_chi512,13367090,slurmlogs/2026-09-03/slurm-13367090.out (REFINE line),0,0,1,8873.0,"chi refinement at the step-8 target, 6 sweeps, no anneal, from repchi128 step 8; run completed but save_mps=false, value from the log (6 significant digits); launcher ed_step8_chi512_gpu40.slurm (A100 40GB)"
12,512,9,0.002842726314791603,0.002839999922795078,0.24681887030049932,38.43616397172925,sinmc_repgpu512,13325835,hk_scan_cmp/L12_lobpcg_sinmc_repgpu512/done_step09.h5,1,0,1,31491.6,anneal=1; continued from the CPU chi=128 ladder (repchi128) step-8 state; step 10 was killed by the time limit and is not included; launcher ed_gpu512_step9.slurm (A100 40GB)
18,128,1,0.11236249025322295,0.11201291742452349,0.29272864406058013,0.47726660196456894,sinmc_repbigL18,13342673_0,hk_scan_cmp/L18_lobpcg_sinmc_repbigL18/done_step01.h5,1,0,1,1597.0,anneal=1; launcher ed_bigL_chi128.slurm task 0 (MIG)
18,128,2,0.06487251399451498,0.0649559185651815,0.2851379745286926,0.717412666577459,sinmc_repbigL18,13342673_0,hk_scan_cmp/L18_lobpcg_sinmc_repbigL18/done_step02.h5,1,0,1,4696.2,anneal=1; launcher ed_bigL_chi128.slurm task 0 (MIG)
18,128,3,0.03745416341774099,0.03761507889069406,0.27858492755508846,1.096240574199131,sinmc_repbigL18,13342673_0,hk_scan_cmp/L18_lobpcg_sinmc_repbigL18/done_step03.h5,1,0,1,5967.4,anneal=1; launcher ed_bigL_chi128.slurm task 0 (MIG)
18,128,4,0.021624171331505,0.021717025891801113,0.2729146409112359,1.6583197930075348,sinmc_repbigL18,13342673_0,hk_scan_cmp/L18_lobpcg_sinmc_repbigL18/done_step04.h5,1,0,1,6394.6,anneal=1; launcher ed_bigL_chi128.slurm task 0 (MIG)
18,128,5,0.012484721139247002,0.01253422338441365,0.26792302382828387,2.612626592053296,sinmc_repbigL18,13342673_0,hk_scan_cmp/L18_lobpcg_sinmc_repbigL18/done_step05.h5,1,0,1,6867.7,anneal=1; launcher ed_bigL_chi128.slurm task 0 (MIG)
18,128,6,0.007208057110501669,0.007203083702254069,0.26333434164922587,4.37353047027782,sinmc_repbigL18,13342673_0,hk_scan_cmp/L18_lobpcg_sinmc_repbigL18/done_step06.h5,1,0,1,8546.0,anneal=1; launcher ed_bigL_chi128.slurm task 0 (MIG)
18,128,7,0.004161573713082335,0.0041701584921553245,0.2587516016749689,8.820588794692034,sinmc_repbigL18,13342673_0,hk_scan_cmp/L18_lobpcg_sinmc_repbigL18/done_step07.h5,1,0,1,8777.3,anneal=1; launcher ed_bigL_chi128.slurm task 0 (MIG)
18,128,8,0.0024026857035005567,0.002398073383446974,0.2521524621708179,40.56811984617513,sinmc_repbigL18,13342673_0,hk_scan_cmp/L18_lobpcg_sinmc_repbigL18/done_step08.h5,1,0,1,8659.5,anneal=1; launcher ed_bigL_chi128.slurm task 0 (MIG)
18,128,9,0.001387191237694112,0.0016760603389077788,0.23038997290037572,95424699121845.42,sinmc_repbigL18,13342673_0,hk_scan_cmp/L18_lobpcg_sinmc_repbigL18/done_step09.h5,1,0,1,3662.0,anneal=1; launcher ed_bigL_chi128.slurm task 0 (MIG)
18,128,10,0.0008008952345001858,0.0016760634530993928,0.23038996447777293,95424699121845.42,sinmc_repbigL18,13342673_0,hk_scan_cmp/L18_lobpcg_sinmc_repbigL18/done_step10.h5,1,1,0,325.5,anneal=1; launcher ed_bigL_chi128.slurm task 0 (MIG)
18,128,11,0.0004623970792313708,0.001676066247705052,0.23038997064377867,95424699121845.42,sinmc_repbigL18,13342673_0,hk_scan_cmp/L18_lobpcg_sinmc_repbigL18/done_step11.h5,1,1,0,314.6,anneal=1; launcher ed_bigL_chi128.slurm task 0 (MIG)
18,128,12,0.0002669650781667287,0.0016760691718746105,0.23038992458473614,95424699121845.42,sinmc_repbigL18,13342673_0,hk_scan_cmp/L18_lobpcg_sinmc_repbigL18/done_step12.h5,1,1,0,315.9,anneal=1; launcher ed_bigL_chi128.slurm task 0 (MIG)
18,128,13,0.0001541323597437903,0.0016760728731013324,0.23038997151995838,95424699121845.42,sinmc_repbigL18,13342673_0,hk_scan_cmp/L18_lobpcg_sinmc_repbigL18/done_step13.h5,1,1,0,312.5,anneal=1; launcher ed_bigL_chi128.slurm task 0 (MIG)
18,128,14,8.898835938890958e-05,0.001676075387582521,0.23038996387345684,95424699121845.42,sinmc_repbigL18,13342673_0,hk_scan_cmp/L18_lobpcg_sinmc_repbigL18/done_step14.h5,1,1,0,318.0,anneal=1; launcher ed_bigL_chi128.slurm task 0 (MIG)
18,128,15,5.1377453247930113e-05,0.0016760789613679287,0.23038994820986944,95424699121845.42,sinmc_repbigL18,13342673_0,hk_scan_cmp/L18_lobpcg_sinmc_repbigL18/done_step15.h5,1,1,0,315.8,anneal=1; launcher ed_bigL_chi128.slurm task 0 (MIG)
18,128,16,2.9662786462969867e-05,0.001676082636019097,0.23038997633572217,95424699121845.42,sinmc_repbigL18,13342673_0,hk_scan_cmp/L18_lobpcg_sinmc_repbigL18/done_step16.h5,1,1,0,313.9,anneal=1; launcher ed_bigL_chi128.slurm task 0 (MIG)
18,256,9,0.001387191237694112,0.0014280432067915179,0.2358766690180547,9747578640354.299,sinmc_repbigL18_chi256,13384642,hk_scan_cmp/L18_lobpcg_sinmc_repbigL18_chi256/done_step09.h5,1,0,1,23193.3,anneal=1; continued from the L=18 chi=128 step-8 state; launcher ed_L18_chi256.slurm (MIG)
18,256,10,0.0008008952345001858,0.0014280462772818193,0.23587659924523866,99480187815509.2,sinmc_repbigL18_chi256,13384642,hk_scan_cmp/L18_lobpcg_sinmc_repbigL18_chi256/done_step10.h5,1,1,0,1119.2,anneal=1; continued from the L=18 chi=128 step-8 state; launcher ed_L18_chi256.slurm (MIG)
18,256,11,0.0004623970792313708,0.0014280503530153437,0.23587660970423668,99480187815509.2,sinmc_repbigL18_chi256,13384642,hk_scan_cmp/L18_lobpcg_sinmc_repbigL18_chi256/done_step11.h5,1,1,0,1045.7,anneal=1; continued from the L=18 chi=128 step-8 state; launcher ed_L18_chi256.slurm (MIG)
18,256,12,0.0002669650781667287,0.0014280535457711454,0.235876585941702,99480187815509.2,sinmc_repbigL18_chi256,13384642,hk_scan_cmp/L18_lobpcg_sinmc_repbigL18_chi256/done_step12.h5,1,1,0,1041.5,anneal=1; continued from the L=18 chi=128 step-8 state; launcher ed_L18_chi256.slurm (MIG)
18,256,13,0.0001541323597437903,0.0014280574377597964,0.23587660177824932,99480187815509.2,sinmc_repbigL18_chi256,13384642,hk_scan_cmp/L18_lobpcg_sinmc_repbigL18_chi256/done_step13.h5,1,1,0,1033.3,anneal=1; continued from the L=18 chi=128 step-8 state; launcher ed_L18_chi256.slurm (MIG)
18,256,14,8.898835938890958e-05,0.0014280617841445115,0.23587663531557423,99480187815509.2,sinmc_repbigL18_chi256,13384642,hk_scan_cmp/L18_lobpcg_sinmc_repbigL18_chi256/done_step14.h5,1,1,0,1027.5,anneal=1; continued from the L=18 chi=128 step-8 state; launcher ed_L18_chi256.slurm (MIG)
18,256,15,5.1377453247930113e-05,0.001428066692253302,0.23587668570758363,99480187815509.2,sinmc_repbigL18_chi256,13384642,hk_scan_cmp/L18_lobpcg_sinmc_repbigL18_chi256/done_step15.h5,1,1,0,1027.5,anneal=1; continued from the L=18 chi=128 step-8 state; launcher ed_L18_chi256.slurm (MIG)
18,256,16,2.9662786462969867e-05,0.0014280694481031994,0.23587663805477688,99480187815509.2,sinmc_repbigL18_chi256,13384642,hk_scan_cmp/L18_lobpcg_sinmc_repbigL18_chi256/done_step16.h5,1,1,0,1029.9,anneal=1; continued from the L=18 chi=128 step-8 state; launcher ed_L18_chi256.slurm (MIG)
24,128,1,0.06551232193406249,0.06549671024848956,0.2853657146524285,0.7144688614819853,sinmc_repbigL24,13342673_1,hk_scan_cmp/L24_lobpcg_sinmc_repbigL24/done_step01.h5,1,0,1,3927.7,anneal=1; launcher ed_bigL_chi128.slurm task 1 (MIG)
24,128,2,0.037823556703868416,0.03779779380331866,0.2788198361884009,1.1008571786709167,sinmc_repbigL24,13342673_1,hk_scan_cmp/L24_lobpcg_sinmc_repbigL24/done_step02.h5,1,0,1,7888.2,anneal=1; launcher ed_bigL_chi128.slurm task 1 (MIG)
24,128,3,0.021837440644687508,0.021846368763057424,0.27333438394207715,1.6074480809959681,sinmc_repbigL24,13342673_1,hk_scan_cmp/L24_lobpcg_sinmc_repbigL24/done_step03.h5,1,0,1,7299.6,anneal=1; launcher ed_bigL_chi128.slurm task 1 (MIG)
24,128,4,0.012607852234622808,0.012619888162874161,0.2682765243590548,2.438939572391717,sinmc_repbigL24,13342673_1,hk_scan_cmp/L24_lobpcg_sinmc_repbigL24/done_step04.h5,1,0,1,11258.3,anneal=1; launcher ed_bigL_chi128.slurm task 1 (MIG)
24,128,5,0.007279146881562505,0.007291885694957468,0.263369819794708,4.303809759709434,sinmc_repbigL24,13342673_1,hk_scan_cmp/L24_lobpcg_sinmc_repbigL24/done_step05.h5,1,0,1,14127.7,anneal=1; launcher ed_bigL_chi128.slurm task 1 (MIG)
24,128,6,0.004202617411540937,0.004217014862813353,0.25948166819169927,7.728784497535535,sinmc_repbigL24,13342673_1,hk_scan_cmp/L24_lobpcg_sinmc_repbigL24/done_step06.h5,1,0,1,15997.8,anneal=1; launcher ed_bigL_chi128.slurm task 1 (MIG)
24,128,7,0.002426382293854169,0.002432900834820775,0.2554421995299044,17.98987195248173,sinmc_repbigL24,13342673_1,hk_scan_cmp/L24_lobpcg_sinmc_repbigL24/done_step07.h5,1,0,1,17427.3,anneal=1; launcher ed_bigL_chi128.slurm task 1 (MIG)
24,128,8,0.0014008724705136461,0.0014007651620930475,0.24888157982810913,146987.26360770126,sinmc_repbigL24,13399489_1,hk_scan_cmp/L24_lobpcg_sinmc_repbigL24/done_step08.h5,1,0,1,18982.5,anneal=1; launcher ed_bigL_chi128.slurm resubmit task 1 (MIG)
24,128,9,0.0008087940979513898,0.0011470119639644624,0.23946538161455952,84202166098962.64,sinmc_repbigL24,13399489_1,hk_scan_cmp/L24_lobpcg_sinmc_repbigL24/done_step09.h5,1,0,1,4813.0,anneal=1; launcher ed_bigL_chi128.slurm resubmit task 1 (MIG)
24,128,10,0.00046695749017121546,0.0011470157184572483,0.23946533995747799,84202166098962.64,sinmc_repbigL24,13399489_1,hk_scan_cmp/L24_lobpcg_sinmc_repbigL24/done_step10.h5,1,1,0,436.8,anneal=1; launcher ed_bigL_chi128.slurm resubmit task 1 (MIG)
24,128,11,0.00026959803265046335,0.0011470189985948664,0.23946538550113503,84202166098962.64,sinmc_repbigL24,13399489_1,hk_scan_cmp/L24_lobpcg_sinmc_repbigL24/done_step11.h5,1,1,0,438.1,anneal=1; launcher ed_bigL_chi128.slurm resubmit task 1 (MIG)
24,128,12,0.00015565249672373855,0.0011470224063221182,0.23946534581054535,84202166098962.64,sinmc_repbigL24,13399489_1,hk_scan_cmp/L24_lobpcg_sinmc_repbigL24/done_step12.h5,1,1,0,439.7,anneal=1; launcher ed_bigL_chi128.slurm resubmit task 1 (MIG)
24,128,13,8.98660108834878e-05,0.0011470265396239941,0.23946535329730545,84202166098962.64,sinmc_repbigL24,13399489_1,hk_scan_cmp/L24_lobpcg_sinmc_repbigL24/done_step13.h5,1,1,0,443.5,anneal=1; launcher ed_bigL_chi128.slurm resubmit task 1 (MIG)
24,128,14,5.1884165574579526e-05,0.0011470307622094406,0.23946532478309646,84202166098962.64,sinmc_repbigL24,13399489_1,hk_scan_cmp/L24_lobpcg_sinmc_repbigL24/done_step14.h5,1,1,0,445.2,anneal=1; launcher ed_bigL_chi128.slurm resubmit task 1 (MIG)
24,128,15,2.9955336961162603e-05,0.001147034578088738,0.2394652983087269,84202166098962.64,sinmc_repbigL24,13399489_1,hk_scan_cmp/L24_lobpcg_sinmc_repbigL24/done_step15.h5,1,1,0,449.5,anneal=1; launcher ed_bigL_chi128.slurm resubmit task 1 (MIG)
24,128,16,1.729472185819318e-05,0.0011470382894233284,0.23946525864020227,84202166098962.64,sinmc_repbigL24,13399489_1,hk_scan_cmp/L24_lobpcg_sinmc_repbigL24/done_step16.h5,1,1,0,446.5,anneal=1; launcher ed_bigL_chi128.slurm resubmit task 1 (MIG)
24,256,8,0.0014008724705136461,0.0013945963125899304,0.25246730947038387,47.6943236676998,sinmc_repbigL24_chi256,13399746,hk_scan_cmp/L24_lobpcg_sinmc_repbigL24_chi256/done_step08.h5,1,0,1,63631.1,anneal=1; continued from the L=24 chi=128 step-7 state; launcher ed_cont_chi256.slurm L=24 (MIG)
24,256,9,0.0008087940979513898,0.0009721874987042463,0.2407736552473949,91206300712704.05,sinmc_repbigL24_chi256,13461754,hk_scan_cmp/L24_lobpcg_sinmc_repbigL24_chi256/done_step09.h5,1,0,1,24089.1,anneal=1; continued from the L=24 chi=128 step-7 state; launcher ed_cont_chi256.slurm L=24 resubmit (MIG)
24,256,10,0.00046695749017121546,0.0009721917838117269,0.2407736439350729,91206300712704.05,sinmc_repbigL24_chi256,13461754,hk_scan_cmp/L24_lobpcg_sinmc_repbigL24_chi256/done_step10.h5,1,1,0,1630.1,anneal=1; continued from the L=24 chi=128 step-7 state; launcher ed_cont_chi256.slurm L=24 resubmit (MIG)
24,256,11,0.00026959803265046335,0.000972196318376188,0.24077362660770907,91206300712704.05,sinmc_repbigL24_chi256,13461754,hk_scan_cmp/L24_lobpcg_sinmc_repbigL24_chi256/done_step11.h5,1,1,0,1617.3,anneal=1; continued from the L=24 chi=128 step-7 state; launcher ed_cont_chi256.slurm L=24 resubmit (MIG)
24,256,12,0.00015565249672373855,0.0009722010741130171,0.240773642420572,91206300712704.05,sinmc_repbigL24_chi256,13461754,hk_scan_cmp/L24_lobpcg_sinmc_repbigL24_chi256/done_step12.h5,1,1,0,1610.0,anneal=1; continued from the L=24 chi=128 step-7 state; launcher ed_cont_chi256.slurm L=24 resubmit (MIG)
24,256,13,8.98660108834878e-05,0.0009722055228711445,0.24077361594255486,91206300712704.05,sinmc_repbigL24_chi256,13461754,hk_scan_cmp/L24_lobpcg_sinmc_repbigL24_chi256/done_step13.h5,1,1,0,1601.0,anneal=1; continued from the L=24 chi=128 step-7 state; launcher ed_cont_chi256.slurm L=24 resubmit (MIG)
24,256,14,5.1884165574579526e-05,0.0009722098996669772,0.2407736100482602,91206300712704.05,sinmc_repbigL24_chi256,13461754,hk_scan_cmp/L24_lobpcg_sinmc_repbigL24_chi256/done_step14.h5,1,1,0,1614.0,anneal=1; continued from the L=24 chi=128 step-7 state; launcher ed_cont_chi256.slurm L=24 resubmit (MIG)
24,256,15,2.9955336961162603e-05,0.0009722144610117237,0.24077358148998568,91206300712704.05,sinmc_repbigL24_chi256,13461754,hk_scan_cmp/L24_lobpcg_sinmc_repbigL24_chi256/done_step15.h5,1,1,0,1620.4,anneal=1; continued from the L=24 chi=128 step-7 state; launcher ed_cont_chi256.slurm L=24 resubmit (MIG)
24,256,16,1.729472185819318e-05,0.0009722192470770661,0.24077357468944577,91206300712704.05,sinmc_repbigL24_chi256,13461754,hk_scan_cmp/L24_lobpcg_sinmc_repbigL24_chi256/done_step16.h5,1,1,0,1613.5,anneal=1; continued from the L=24 chi=128 step-7 state; launcher ed_cont_chi256.slurm L=24 resubmit (MIG)
30,128,1,0.04266866133831286,0.042874913753754504,0.28030116474267774,0.9760975449090019,sinmc_repbigL30,13342673_2,hk_scan_cmp/L30_lobpcg_sinmc_repbigL30/done_step01.h5,1,0,1,5495.5,anneal=1; launcher ed_bigL_chi128.slurm task 2 (MIG)
30,128,2,0.024634763109635912,0.02472994368871691,0.27455058077678346,1.4362950185478638,sinmc_repbigL30,13342673_2,hk_scan_cmp/L30_lobpcg_sinmc_repbigL30/done_step02.h5,1,0,1,12833.2,anneal=1; launcher ed_bigL_chi128.slurm task 2 (MIG)
30,128,3,0.01422288711277096,0.014292748590378051,0.2693157306144806,2.076371674337736,sinmc_repbigL30,13342673_2,hk_scan_cmp/L30_lobpcg_sinmc_repbigL30/done_step03.h5,1,0,1,14791.4,anneal=1; launcher ed_bigL_chi128.slurm task 2 (MIG)
30,128,4,0.008211587703211974,0.008226977784099686,0.26490360130626495,3.3795347056207947,sinmc_repbigL30,13342673_2,hk_scan_cmp/L30_lobpcg_sinmc_repbigL30/done_step04.h5,1,0,1,15927.2,anneal=1; launcher ed_bigL_chi128.slurm task 2 (MIG)
30,128,5,0.004740962370923654,0.004721488373186554,0.26106856955139757,5.652052188772001,sinmc_repbigL30,13342673_2,hk_scan_cmp/L30_lobpcg_sinmc_repbigL30/done_step05.h5,1,0,1,17195.1,anneal=1; launcher ed_bigL_chi128.slurm task 2 (MIG)
30,128,6,0.0027371959010706586,0.002744106718810873,0.2568607024881604,12.23883332044851,sinmc_repbigL30,13399489_2,hk_scan_cmp/L30_lobpcg_sinmc_repbigL30/done_step06.h5,1,0,1,21501.5,anneal=1; launcher ed_bigL_chi128.slurm resubmit task 2 (MIG)
30,128,7,0.0015803207903078852,0.0015727887445955414,0.25369986012720824,26.15257356136625,sinmc_repbigL30,13399489_2,hk_scan_cmp/L30_lobpcg_sinmc_repbigL30/done_step07.h5,1,0,1,21007.7,anneal=1; launcher ed_bigL_chi128.slurm resubmit task 2 (MIG)
30,128,8,0.0009123986336902197,0.0009141398086247262,0.24778800812870866,8744.541400904143,sinmc_repbigL30,13399489_2,hk_scan_cmp/L30_lobpcg_sinmc_repbigL30/done_step08.h5,1,0,1,16277.1,anneal=1; launcher ed_bigL_chi128.slurm resubmit task 2 (MIG)
30,128,9,0.0005267735967692951,0.0008018416363416289,0.24262231853385943,82987944446766.16,sinmc_repbigL30,13399489_2,hk_scan_cmp/L30_lobpcg_sinmc_repbigL30/done_step09.h5,1,0,1,6504.2,anneal=1; launcher ed_bigL_chi128.slurm resubmit task 2 (MIG)
30,128,10,0.00030413287789674,0.0008018457035501929,0.24262233601906588,82987944446766.16,sinmc_repbigL30,13399489_2,hk_scan_cmp/L30_lobpcg_sinmc_repbigL30/done_step10.h5,1,1,0,549.4,anneal=1; launcher ed_bigL_chi128.slurm resubmit task 2 (MIG)
30,128,11,0.00017559119892309846,0.000801850501769019,0.24262237932999428,82987944446766.16,sinmc_repbigL30,13399489_2,hk_scan_cmp/L30_lobpcg_sinmc_repbigL30/done_step11.h5,1,1,0,556.9,anneal=1; launcher ed_bigL_chi128.slurm resubmit task 2 (MIG)
30,128,12,0.00010137762596558003,0.0008018548430635961,0.24262235802042528,82987944446766.16,sinmc_repbigL30,13399489_2,hk_scan_cmp/L30_lobpcg_sinmc_repbigL30/done_step12.h5,1,1,0,549.0,anneal=1; launcher ed_bigL_chi128.slurm resubmit task 2 (MIG)
30,128,13,5.8530399641032835e-05,0.0008018590067130751,0.24262237308586704,82987944446766.16,sinmc_repbigL30,13399489_2,hk_scan_cmp/L30_lobpcg_sinmc_repbigL30/done_step13.h5,1,1,0,552.2,anneal=1; launcher ed_bigL_chi128.slurm resubmit task 2 (MIG)
30,128,14,3.379254198852668e-05,0.0008018628938000382,0.2426223891580448,82987944446766.16,sinmc_repbigL30,13399489_2,hk_scan_cmp/L30_lobpcg_sinmc_repbigL30/done_step14.h5,1,1,0,553.1,anneal=1; launcher ed_bigL_chi128.slurm resubmit task 2 (MIG)
30,128,15,1.9510133213677612e-05,0.0008018674663248904,0.24262234915987915,82987944446766.16,sinmc_repbigL30,13399489_2,hk_scan_cmp/L30_lobpcg_sinmc_repbigL30/done_step15.h5,1,1,0,552.2,anneal=1; launcher ed_bigL_chi128.slurm resubmit task 2 (MIG)
30,128,16,1.1264180662842231e-05,0.0008018720685444938,0.2426223266523703,82987944446766.16,sinmc_repbigL30,13399489_2,hk_scan_cmp/L30_lobpcg_sinmc_repbigL30/done_step16.h5,1,1,0,557.0,anneal=1; launcher ed_bigL_chi128.slurm resubmit task 2 (MIG)
30,256,6,0.0027371959010706586,0.0027372179853803547,0.258235224457229,8.599475290811961,sinmc_repbigL30_chi256,13399747,hk_scan_cmp/L30_lobpcg_sinmc_repbigL30_chi256/done_step06.h5,1,0,1,76047.3,anneal=1; continued from the L=30 chi=128 step-5 state; launcher ed_cont_chi256.slurm L=30 (MIG)
30,256,7,0.0015803207903078852,0.0015807397616242258,0.2543217129529167,20.33135474123877,sinmc_repbigL30_chi256,13461755,hk_scan_cmp/L30_lobpcg_sinmc_repbigL30_chi256/done_step07.h5,1,0,1,100676.2,anneal=1; continued from the L=30 chi=128 step-5 state; launcher ed_cont_chi256.slurm L=30 resubmit (MIG)
30,256,8,0.0009123986336902197,0.0009085264408540673,0.25079260071503373,58.75540647487662,sinmc_repbigL30_chi256,13461755,hk_scan_cmp/L30_lobpcg_sinmc_repbigL30_chi256/done_step08.h5,1,0,1,84146.8,anneal=1; continued from the L=30 chi=128 step-5 state; launcher ed_cont_chi256.slurm L=30 resubmit (MIG)
30,256,9,0.0005267735967692951,0.0006891945757968969,0.2439155753855016,82343632716036.22,sinmc_repbigL30_chi256,13461755,hk_scan_cmp/L30_lobpcg_sinmc_repbigL30_chi256/done_step09.h5,1,0,1,29830.6,anneal=1; continued from the L=30 chi=128 step-5 state; launcher ed_cont_chi256.slurm L=30 resubmit (MIG)
30,256,10,0.00030413287789674,0.0006891998580491156,0.24391556167601336,82343632716036.22,sinmc_repbigL30_chi256,13461755,hk_scan_cmp/L30_lobpcg_sinmc_repbigL30_chi256/done_step10.h5,1,1,0,2225.0,anneal=1; continued from the L=30 chi=128 step-5 state; launcher ed_cont_chi256.slurm L=30 resubmit (MIG)
30,256,11,0.00017559119892309846,0.0006892051085929153,0.24391557014488888,82343632716036.22,sinmc_repbigL30_chi256,13461755,hk_scan_cmp/L30_lobpcg_sinmc_repbigL30_chi256/done_step11.h5,1,1,0,2220.2,anneal=1; continued from the L=30 chi=128 step-5 state; launcher ed_cont_chi256.slurm L=30 resubmit (MIG)
30,256,12,0.00010137762596558003,0.0006892103349562764,0.24391560316082356,82343632716036.22,sinmc_repbigL30_chi256,13461755,hk_scan_cmp/L30_lobpcg_sinmc_repbigL30_chi256/done_step12.h5,1,1,0,2219.2,anneal=1; continued from the L=30 chi=128 step-5 state; launcher ed_cont_chi256.slurm L=30 resubmit (MIG)
30,256,13,5.8530399641032835e-05,0.000689215593345286,0.24391560214570301,82343632716036.22,sinmc_repbigL30_chi256,13461755,hk_scan_cmp/L30_lobpcg_sinmc_repbigL30_chi256/done_step13.h5,1,1,0,2218.6,anneal=1; continued from the L=30 chi=128 step-5 state; launcher ed_cont_chi256.slurm L=30 resubmit (MIG)
30,256,14,3.379254198852668e-05,0.0006892210919658568,0.24391559546308114,82343632716036.22,sinmc_repbigL30_chi256,13461755,hk_scan_cmp/L30_lobpcg_sinmc_repbigL30_chi256/done_step14.h5,1,1,0,2217.3,anneal=1; continued from the L=30 chi=128 step-5 state; launcher ed_cont_chi256.slurm L=30 resubmit (MIG)
30,256,15,1.9510133213677612e-05,0.0006892261156535795,0.24391559747152633,82343632716036.22,sinmc_repbigL30_chi256,13461755,hk_scan_cmp/L30_lobpcg_sinmc_repbigL30_chi256/done_step15.h5,1,1,0,2225.2,anneal=1; continued from the L=30 chi=128 step-5 state; launcher ed_cont_chi256.slurm L=30 resubmit (MIG)
30,256,16,1.1264180662842231e-05,0.0006892314664179494,0.24391560539972523,82343632716036.22,sinmc_repbigL30_chi256,13461755,hk_scan_cmp/L30_lobpcg_sinmc_repbigL30_chi256/done_step16.h5,1,1,0,2252.6,anneal=1; continued from the L=30 chi=128 step-5 state; launcher ed_cont_chi256.slurm L=30 resubmit (MIG)
