theta,eps,nu,source
100.0,2.9602349457127246e-05,0.13424730594580803,L12_theta100.0l0.0k2o4.npz
70.7946,5.323250974276353e-05,0.1527512331427883,L12_theta70.7946l0.0k2o4.npz
50.1187,9.248359050822241e-05,0.17058779434656107,L12_theta50.1187l0.0k2o4.npz
35.4813,0.00015594156020539538,0.18706909245534584,L12_theta35.4813l0.0k2o4.npz
25.1189,0.00025649666493791576,0.20174216911280995,L12_theta25.1189l0.0k2o4.npz
17.7828,0.00041431325078740525,0.21445631669964116,L12_theta17.7828l0.0k2o4.npz
12.5893,0.0006617625804349392,0.22528247446921748,L12_theta12.5893l0.0k2o4.npz
8.9125,0.001052205898244251,0.23442278430932875,L12_theta8.9125l0.0k2o4.npz
6.3096,0.001677981598506255,0.24216048318483563,L12_theta6.3096l0.0k2o4.npz
4.4668,0.002715138317099332,0.2488575540903071,L12_theta4.4668l0.0k2o4.npz
3.1623,0.004550698635894485,0.2549859445426616,L12_theta3.1623l0.0k2o4.npz
2.2387,0.008161682095814606,0.2611731877588982,L12_theta2.2387l0.0k2o4.npz
1.5849,0.016183258229145764,0.2682087624218093,L12_theta1.5849l0.0k2o4.npz
1.122,0.035573709475667493,0.27694206119092235,L12_theta1.122l0.0k2o4.npz
0.7943,0.08280816700564624,0.28794510117567895,L12_theta0.7943l0.0k2o4.npz
0.5623,0.18929659337853355,0.30089220138307965,L12_theta0.5623l0.0k2o4.npz
0.3981,0.39372495423026777,0.31398196547358437,L12_theta0.3981l0.0k2o4.npz
